ChirpParade	Dawn Chorus	-33.0	-12.6
ChirpParade	Forest Morning	-34.4	-15.9
ChirpParade	Far Treeline	-35.7	-12.9
ChirpParade	Garden Sparrows	-34.3	-12.8
ChirpParade	Blackbird Song	-40.3	-19.5
ChirpParade	Robin Whistle	-46.5	-19.6
ChirpParade	Nightingale Song	-48.7	-22.3
ChirpParade	Jungle Screech	-37.5	-14.5
ChirpParade	Woodpecker Drum	-48.0	-8.3
ChirpParade	Melody Bird	-40.0	-9.7
ChirpParade	Parakeet Flock	-33.0	-11.6
ChirpParade	Tui Bell	-37.4	-13.7
CrackleBlaze	Camp Fire	-33.5	-5.6
CrackleBlaze	Cottage Hearth	-32.1	-7.5
CrackleBlaze	Bonfire	-28.4	-5.8
CrackleBlaze	Hearth Glow	-35.7	-11.5
CrackleBlaze	Forest Campfire	-32.9	-6.4
CrackleBlaze	Wood Stove	-31.9	-3.2
CrackleBlaze	Dying Embers	-41.3	-7.3
CrackleBlaze	Slow Burn	-35.4	-5.0
InsectSwarm	Summer Meadow	-28.2	-11.5
InsectSwarm	Bumblebee Garden	-20.1	-3.6
InsectSwarm	Cicada Noon	-23.5	-4.8
InsectSwarm	Dragonfly Pond	-21.7	-3.6
InsectSwarm	Mosquito Night	-22.7	-2.0
InsectSwarm	Cricket Field	-26.3	-6.4
InsectSwarm	Honeybee Field	-22.9	-5.7
InsectSwarm	Distant Swarm	-25.3	-9.9
NightLife	Summer Night	-26.0	-10.4
NightLife	Pond Chorus	-31.0	-9.7
NightLife	Spring Peepers	-36.8	-15.1
NightLife	Wolf Valley	-31.9	-14.3
NightLife	Tawny Wood	-31.5	-7.0
NightLife	Cricket Field	-27.9	-12.8
NightLife	Deep Forest Bed	-25.7	-11.4
NightLife	Midnight Marsh	-26.4	-12.1
NightLife	Loon Lake	-33.1	-14.8
NightLife	Fox Across Fields	-31.4	-13.5
NightLife	Scops Metronome	-34.7	-16.1
NightLife	Bullfrog Bank	-34.3	-11.6
RainyDay	Steady Rain	-27.5	-2.9
RainyDay	Tin Roof	-26.1	-2.0
RainyDay	Downpour	-21.6	-5.2
RainyDay	Storm Front	-23.2	-2.0
RainyDay	Rain On Leaves	-30.3	-0.5
RainyDay	Light Drizzle	-28.5	-0.3
RainyDay	Tropical Monsoon	-24.3	-1.9
RainyDay	Distant Rain Wall	-19.7	-1.3
RainyDay	Window Pane	-23.8	-1.2
RainyDay	Under an Umbrella	-29.1	-2.3
RainyDay	Puddle Plinks	-23.3	-0.4
RainyDay	First Drops	-21.4	-3.5
RiverFlow	Forest Stream	-25.8	-4.2
RiverFlow	Mountain River	-24.3	-6.6
RiverFlow	Big Falls	-20.6	-6.1
RiverFlow	Small Falls	-21.0	-6.1
RiverFlow	Bubbling Creek	-28.2	-5.2
RiverFlow	Distant River	-22.1	-7.7
RiverFlow	Forest Creek	-27.0	-4.5
RiverFlow	Winter River	-26.1	-6.5
RiverFlow	Stony Creek	-29.2	-5.2
RiverFlow	Wispy Creek	-20.2	-5.8
RiverFlow	Rapids Close	-24.2	-5.7
RiverFlow	Hanging Trickle	-35.5	-6.8
ShoreBreak	Gentle Waves	-39.8	-17.4
ShoreBreak	Big Waves Crashing	-30.3	-5.1
ShoreBreak	Harbour Lapping	-37.5	-16.3
ShoreBreak	Rolling Tide	-34.2	-11.2
ShoreBreak	Distant Roar	-26.6	-13.2
ShoreBreak	Sand and Foam	-42.7	-13.1
ShoreBreak	Open Sea Murmur	-30.9	-16.7
ShoreBreak	Shallow Clear Water	-46.0	-21.8
SkyHowl	Meadow Breeze	-32.8	-14.5
SkyHowl	Howling Storm	-27.7	-8.7
SkyHowl	Howling Wind	-26.5	-11.2
SkyHowl	Winter Gale	-34.2	-16.0
SkyHowl	Snow Storm	-30.3	-13.5
SkyHowl	Soft Breath	-32.0	-15.1
SkyHowl	Beach Grass	-25.7	-7.6
SkyHowl	Mountain Ridge	-26.8	-4.5
SkyHowl	Conifer Sough	-29.0	-6.0
SkyHowl	Far Away	-30.5	-13.4
SkyHowl	Wind In Birches	-36.8	-19.8
SkyHowl	Rustling Leaves	-35.1	-15.4
SkyHowl	Spooky Wind	-32.8	-14.9
SkyHowl	Between Houses	-27.1	-0.7
SkyHowl	Autumn Leaves	-31.5	-10.4
SkyHowl	Gentle Gusts	-26.3	-8.3
ThunderClap	Summer Storm	-28.9	-4.1
ThunderClap	Rolling Thunder	-27.6	-5.4
ThunderClap	Distant Rumble	-31.9	-2.6
ThunderClap	Far Horizon	-27.6	-3.6
ThunderClap	Under The Rain	-25.6	-0.7
ThunderClap	Storm Front	-23.0	-0.8
ThunderClap	Heat Lightning	-180.0	-180.0
ThunderClap	Cloud Crawler	-29.3	-5.7
